id,referensi_id,jenis,tanggal,teks,keyword,label_sentimen,link,language
1984453229237936281,,post,2025-11-01 09:51:33,"Kebakaran hutan di Salak Tinggi, Sepang yang berlaku semalam, berjaya dipadamkan awal pagi ini pada jam 5.37 pagi selepas hampir 13 jam operasi dijalankan.",kebakaran hutan,positif,https://x.com/g37_Anwar/status/1984453229237936281,ms
1984449574044647554,,post,2025-11-01 09:37:02,Kebakaran berjaya dipadamkan pada 5.37 pagi tadi dan tidak melibatkan struktur bangunan atau mangsa.,tidak teridentifikasi,positif,https://x.com/501Awani/status/1984449574044647554,ms
1978078048386781320,,post,2025-10-14 19:38:52,"JBPM Selangor sahkan berlaku kebakaran hutan atas bukit berkeluasan tiga ekar di hadapan Sun Suria Forum, dari Tol Setia Alam ke Meru. Kerja-kerja pemadaman giat dilakukan. Video: Orang awam",kebakaran hutan,netral,https://x.com/MalaysiaGazette/status/1978078048386781320,ms
1978059493826080935,,post,2025-10-14 18:25:08,"JBPM Selangor sahkan berlaku kebakaran hutan atas bukit berkeluasan tiga ekar di hadapan Sun Suria Forum, dari Tol Setia Alam ke Meru. Kerja-kerja pemadaman giat dilakukan. 🎥 Orang awam",kebakaran hutan,netral,https://x.com/Bernama_Radio/status/1978059493826080935,ms
1978058092093870116,,post,2025-10-14 18:19:34,"JBPM Selangor sahkan berlaku kebakaran hutan atas bukit berkeluasan tiga ekar di hadapan Sun Suria Forum, dari Tol Setia Alam ke Meru. Kerja-kerja pemadaman giat dilakukan. 🎥 Orang awam",kebakaran hutan,netral,https://x.com/BernamaTV/status/1978058092093870116,ms
1978321593433763858,1978058092093870116,komentar,2025-10-15 11:46:37,ooo... baru tahu area sini dikenalpasti sebagai hutan. tak jauh pun sebelah sana tu ada kwsn perumahan,kebakaran hutan,netral,https://x.com/ziimmo11/status/1978321593433763858,ms
1978111393653022801,1978058092093870116,komentar,2025-10-14 21:51:22,Saya masa lalu situ dalam 5.15pm kebakaran baru nak marak.. yg hairannya.. 30 sebelum tu.. hujan lebat di setia alam,kebakaran hutan,negatif,https://x.com/CaretaMini/status/1978111393653022801,ms
1977633534157484529,,post,2025-10-13 14:12:31,"Badan Meteorologi, Klimatologi, dan Geofisika (BMKG) mencatat kerugian ekonomi akibat kebakaran hutan dan lahan atau karhutla turun hingga Rp 68,25 triliun. Baca di sini: ~KN",karhutla,positif,https://x.com/kompascom/status/1977633534157484529,id
1987365509881602218,,post,2025-11-09 10:43:55,"Kebakaran hutan dan lahan (karhutla) nyaris menghanguskan Perumahan Zaira Permai di Jalan Yuzura, RT 12 Desa Rimbo Panjang, Kecamatan Tambang, Kabupaten Kampar, Riau, Sabtu (8/11/2025). |",karhutla,negatif,https://x.com/kompascom/status/1987365509881602218,id
2001635254466134094,,post,2025-12-18 19:46:47,"Kapolres Boyolali menghimbau seluruh masyarakat, khususnya para petani untuk tidak membakar sisa panen di lahan pertanian. Pembakaran limbah pertanian berpotensi selain mencemari lingkungan juga memicu kebakaran hutan dan lahan",karhutla,netral,https://x.com/POLRESBYL/status/2001635254466134094,id
2022511200538628248,,post,2026-02-14 10:20:21,"Karhutla Riau tembus 745,5 HA! Asap mulai serang Pekanbaru lagi karena angin utara-selatan. Status siaga darurat sudah diumumkan. masalahnya hutan terbakar atau lahan di bakar ya? masalah clasic di riau ini😷🔥 Riau butuh hujan & kesadaran kita semua!",karhutla,negatif,https://x.com/Tuitserba/status/2022511200538628248,id
2022514958106529945,2022511200538628248,komentar,2026-02-14 10:35:17,"waduhhh parah banget riau, semoga cepet pulih",karhutla,negatif,https://x.com/hamsterbacod/status/2022514958106529945,id
2037793016514297892,,post,2026-03-28 14:24:50,"Tim Lembaga Pengelola Hutan Desa melakukan upaya pemadaman kebakaran hutan dan lahan gambut di Desa Padang Tikar I, Kec. Batu Ampar, Kab. Kubu Raya",karhutla,netral,https://x.com/siarsampan/status/2037793016514297892,id
2036644620101366112,,post,2026-03-25 10:21:31,"Kabut Asap Mulai Selimuti Dumai, Ratusan Hektare Lahan Terbakar Redaksi",karhutla,negatif,https://x.com/MitraGambut/status/2036644620101366112,id
2036439672340295889,,post,2026-03-24 20:47:07,"Kebakaran hutan dan lahan di Kabupaten Pelalawan, Riau, kembali meluas pada Selasa (24/3/2026) atau empat hari pasca-Lebaran.",karhutla,negatif,https://x.com/DesaGambut/status/2036439672340295889,id
2030602943804875077,,post,2026-03-08 18:14:03,Badan Nasional Penanggulangan Bencana (BNPB) memberikan bantuan berupa dua unit helikopter patroli sebagai upaya untuk membantu penanganan dan pencegahan kebakaran hutan dan lahan (Karhutla) di Provinsi Riau.,karhutla,positif,https://x.com/antaranews/status/2030602943804875077,id
2030233249994379567,,post,2026-03-07 17:45:01,Sepuluh Hektare Lahan Gambut di Anjongan Mempawah Terbakar,karhutla,negatif,https://x.com/DesaGambut/status/2030233249994379567,id
2029363871530795198,,post,2026-03-05 08:10:25,"BMKG: Musim Kemarau 2026 Datang Lebih Cepat, Puncaknya Diprediksi Agustus",karhutla,netral,https://x.com/MitraGambut/status/2029363871530795198,id
2105619372433924096,,post,2026-10-01 18:22:33,Tidak ada kompromi bagi perusak lingkungan! Kementerian Lingkungan Hidup (KLH) ambil langkah tegas segel 57 entitas perusahaan terindikasi karhutla di Sumatra & Kalimantan,karhutla,positif,https://x.com/indonesiago_id/status/2105619372433924096,id
2105619384882569401,2105619372433924096,komentar,2026-10-01 18:22:36,"Penegakan hukum dikonsolidasikan! Verifikasi buktikan area terbakar seluas 34,6 ribu hektare mayoritas di perkebunan sawit & tebu; KLH bersama Bareskrim Polri pastikan sanksi administratif hingga pidana korporasi.",karhutla,positif,https://x.com/indonesiago_id/status/2105619384882569401,id
2105612437919527004,,post,2026-10-01 17:55:00,"Kebakaran hutan dan lahan (karhutla) terjadi di Jalan Pipa Raya, Desa Babatan Sodagar, Kecamatan Pemulutan, Kabupaten Ogan Ilir, Sumatera Selatan pada Rabu (30/9/26).",karhutla,netral,https://x.com/tvOneNews/status/2105612437919527004,id
2105607404683730973,,post,2026-10-01 17:35:00,Sebanyak lima orang petugas Damkar dikabarkan tumbang akibat karhutla di Kurau dan langsung dilarikan ke Instalasi Gawat Darurat (IGD) untuk mendapatkan perawatan medis (30/9/2026).,karhutla,negatif,https://x.com/tvOneNews/status/2105607404683730973,id
2105603546267721769,,post,2026-10-01 17:19:40,"Patroli Karhutla Segati, Sarana Pengendalian PT MUP Dicek",karhutla,netral,https://x.com/romyfanboy/status/2105603546267721769,id
2105586052186718225,,post,2026-10-01 16:10:09,Penghargaan dari Laut: Tanda Kehormatan RI untuk 361 Personel Jepang yang Bantu Atasi Karhutla,karhutla,positif,https://x.com/Berbakti_id/status/2105586052186718225,id
2105562358936694852,,post,2026-10-01 14:36:00,"(Kamis, 1 Oktober 2026) Titik api kebakaran hutan dan lahan (karhutla) kembali ditemukan di Kabupaten Batang Hari. Munculnya sejumlah titik api membuat Satgas Karhutla setempat memperpanjang status tanggap darurat selama satu minggu ke depan.",karhutla,negatif,https://x.com/TVRI_Jambi/status/2105562358936694852,id
2105561406242537485,,post,2026-10-01 14:32:13,"Usai 2 minggu bertugas membendung kebakaran hutan dan lahan (Karhutla) di Kalimantan, tim asal Jepang resmi mengakhiri misi pemadamannya. Ketulusan & keramahan warga lokal menyambut mereka dengan senyuman hangat.",karhutla,positif,https://x.com/tv_kabarnusa/status/2105561406242537485,id
2105553310191341678,,post,2026-10-01 14:00:03,"Karhutla terjadi cukup dekat dengan permukiman warga di Sematang Borang, Palembang. Asap masih tebal dan sejumlah titik api dilaporkan muncul. 🔥 Semoga warga tetap aman dan penanganan di lokasi bisa segera dilakukan.",karhutla,negatif,https://x.com/pasukansenayan/status/2105553310191341678,id
2105553301714686401,,post,2026-10-01 14:00:01,"Usai Karhutla Padam, Masyarakat Riau Harus Waspada Banjir dan Longsor",karhutla,netral,https://x.com/red_riauonline/status/2105553301714686401,id
2105552073739923958,,post,2026-10-01 13:55:08,"(Kamis, 1 Oktober 2026) Satuan tugas kebakaran hutan dan lahan (karhutla) Jambi mengoptimalkan pelaksanaan operasi modifikasi cuaca (OMC) sebagai upaya menekan kebakaran yang masih terjadi di sejumlah wilayah di Provinsi Jambi.",karhutla,positif,https://x.com/TVRI_Jambi/status/2105552073739923958,id
2105549932719738908,,post,2026-10-01 13:46:37,"(Kamis, 1 Oktober 2026) Luas lahan yang terbakar akibat kebakaran hutan dan lahan (karhutla) di Provinsi Jambi terus bertambah dan kini mencapai 4.123,84 hektare.",karhutla,negatif,https://x.com/TVRI_Jambi/status/2105549932719738908,id
2105548065423966360,,post,2026-10-01 13:39:12,"(Kamis, 1 Oktober 2026) Kabut asap pekat kembali menyelimuti Provinsi Jambi hingga membuat kualitas udara berada pada kategori berbahaya dengan Indeks Standar Pencemaran Udara (ISPU) menembus angka 300.",karhutla,negatif,https://x.com/TVRI_Jambi/status/2105548065423966360,id
2105539392807092249,,post,2026-10-01 13:04:44,"(Kamis, 1 Oktober 2026) Upaya pemadaman kebakaran hutan dan lahan (karhutla) di kawasan Taman Nasional Berbak Sembilang (TNBS) masih terus dilakukan hingga hari ke-52 sejak pertama kali dilaporkan pada 9 Agustus 2026.",karhutla,negatif,https://x.com/TVRI_Jambi/status/2105539392807092249,id
2105520684143104200,,post,2026-10-01 11:50:24,TERHARU! Kementerian Pertahanan Jepang resmi mengakhiri operasi bantuan penanggulangan Karhutla di K,karhutla,positif,https://x.com/tvrkytberitakit/status/2105520684143104200,id
2105509668315607406,,post,2026-10-01 11:06:38,Kata siapa Palembang biasa-biasa saja? Lihat langit kami tak lagi berwarna biru sudah hampir tiga bulan. Ada lagunya ini.. sampai langit tak biru lagi artinya tidak baik-baik saja.,karhutla,negatif,https://x.com/vampiregadiez/status/2105509668315607406,id
2105500657105121608,,post,2026-10-01 10:30:49,"Mengantisipasi risiko karhutla, PLN UP2B Kaltimra terus memantau sistem secara real time untuk menjaga keamanan, kestabilan, dan keandalan pasokan listrik. ⚡",karhutla,positif,https://x.com/pln_uip3b_kal/status/2105500657105121608,id
2105495224835248533,,post,2026-10-01 10:09:14,"Kisah pilu datang dari Palangka Raya, Kalimantan Tengah. Seekor orang utan berusia 4 tahun bernama Novita ditemukan bertahan seorang diri di atas pohon dengan luka bakar akibat terjebak kebakaran hutan.",karhutla,negatif,https://x.com/RahmaTriwi84221/status/2105495224835248533,id
2105481664210375142,,post,2026-10-01 09:15:21,Polri tetapkan 196 orang tersangka Karhutla! Top!,karhutla,positif,https://x.com/moodmasyarakat/status/2105481664210375142,id
2105523609829777408,2105481664210375142,komentar,2026-10-01 12:02:01,nah gini dong data ratusan kasus lgsg diproses tuntas,karhutla,positif,https://x.com/milatriyanna/status/2105523609829777408,id
2105541708863955162,2105481664210375142,komentar,2026-10-01 13:13:57,mantap polri tindak tegas ratusan pelaku karhutla gess,karhutla,positif,https://x.com/arvindaiyn/status/2105541708863955162,id
2105541705961550264,2105481664210375142,komentar,2026-10-01 13:13:56,keren sih respon polri tegas bgt ngurusin asap karhutla,karhutla,positif,https://x.com/HerdaAstiana2/status/2105541705961550264,id
2105519884767768619,2105481664210375142,komentar,2026-10-01 11:47:13,respek sm polri yg ga pandang bulu sikat pembakar hutan,karhutla,positif,https://x.com/sulistaalifia1/status/2105519884767768619,id
2105526029926494223,2105481664210375142,komentar,2026-10-01 12:11:38,sat set bgt polri lgsg dapet 196 tersangka karhutla,karhutla,positif,https://x.com/nazivasilva2/status/2105526029926494223,id
2105468245977567581,,post,2026-10-01 08:22:02,"PLN meninjau DSS Trisakti dan Posko Siaga Karhutla di GI Bandara, Banjarbaru, serta menyerahkan bantuan logistik kepada BPBD Kalsel untuk mendukung penanganan karhutla dan menjaga keandalan aset transmisi.",karhutla,positif,https://x.com/pln_uip3b_kal/status/2105468245977567581,id
2105467337843593459,,post,2026-10-01 08:18:25,Hidup Normal dari Palangkaraya TERUS BERISIK UNTUK KALIMANTAN KARENA PRESIDEN KITA prabowo,karhutla,negatif,https://x.com/ESyarkazyie/status/2105467337843593459,id
2105450527387680821,,post,2026-10-01 07:11:37,Himbauan Kamtibmas Kebakaran Hutan dan Lahan di Kecamatan Lenteng Kab. Sumenep.,karhutla,netral,https://x.com/PolsekKaliange3/status/2105450527387680821,id
2105425891505602797,,post,2026-10-01 05:33:44,"Karhutla kembali melanda Sumsel, ribuan titik panas terpantau bali.antaranews.com/berita/414564/karhutla-kembali-melanda-sumsel-ribuan-titik-panas-terpantau",karhutla,negatif,https://x.com/antaranews_bali/status/2105425891505602797,id
2105418573455753271,,post,2026-10-01 05:04:39,"Kementerian Kehutanan menghadapi tantangan penuh risiko dalam upaya menjamin kebakaran hutan dan lahan. Para petugas terus berjuang mendekati titik api, meski harus berhadapan dengan panasnya kobaran dan ancaman bara api.",karhutla,negatif,https://x.com/tvsuarabersatu/status/2105418573455753271,id
2105329705692094758,,post,2026-09-30 23:11:31,"Titik api kembali muncul di Barito Kuala, Kalimantan Selatan. Karhutla jadi pengingat pentingnya menjaga hutan dan lahan dari ancaman kebakaran.",karhutla,negatif,https://x.com/pasukansenayan/status/2105329705692094758,id
2105297064754401507,,post,2026-09-30 21:01:49,Api membakar lahan tebu di Bulusulur. Sejumlah unit damkar dikerahkan untuk memadamkan api. Semoga cepat terkendali dan tidak meluas.🤍,karhutla,negatif,https://x.com/pasukansenayan/status/2105297064754401507,id
2105296021903573438,,post,2026-09-30 20:57:40,"Di tengah kepungan asap dan api, Sindi, orangutan betina berusia sekitar 20 tahun, hanya bisa bertahan di atas pohon yang terbakar. Pada 25 September 2026, Sindi ditemukan di perbatasan HTR Ramban dan PT MJSP, Kotawaringin Timur, Kalimantan Tengah.",karhutla,negatif,https://x.com/tvfun_update/status/2105296021903573438,id
2105285639826755726,,post,2026-09-30 20:16:25,"Misi kemanusiaan usai! Jepang resmi mengakhiri bantuan pemadaman kebakaran hutan dan lahan (karhutla) di Kalimantan Barat setelah beroperasi selama dua minggu penuh, Rabu (30/09/2026).",karhutla,positif,https://x.com/beritanusacom/status/2105285639826755726,id
2105270757035249814,,komentar,2026-09-30 19:17:17,"Yuk, kita lanjutkan langkah kecil ini bersama. Scan QR atau klik link pada poster untuk berdonasi. Terima kasih untuk seluruh teman-teman yang sudah ikut berdonasi, menyebarkan informasi, dan memberikan dukungan. Bersama, kita bantu. Bersama, kita peduli🩵",karhutla,netral,https://x.com/therexxoffc/status/2105270757035249814,id
2105267932062445805,,post,2026-09-30 19:06:03,Asap masih menyelimuti Palangkaraya. 😭 Semoga hujan segera turun dan udara kembali bersih. 🌧️🤲🏻,karhutla,negatif,https://x.com/pasukansenayan/status/2105267932062445805,id
2105243676016537989,,post,2026-09-30 17:29:40,"Koramil Jajaran Laksanakan Patroli Cegah Dan Padamkan Titik Api yang masih membara di 3 Wilayah Koramil. (Rabu,30/09/2026)",karhutla,positif,https://x.com/SingkawangKodim/status/2105243676016537989,id
2105225351576297663,,komentar,2026-09-30 16:16:51,"dalam rangka meningkatkan kewaspadaan terhadap potensi Kebakaran Hutan dan Lahan (Karhutla) serta menciptakan situasi Kamtibmas yang aman dan kondusif di wilayah hukum Polsek Mempawah Hulu, Kabupaten Landak.",karhutla,netral,https://x.com/reslandak/status/2105225351576297663,id
2105216757292290371,,post,2026-09-30 15:42:42,"Karhutla kembali membara di Marabahan, Batola, Kalsel. 🔥 Petugas dan relawan terus berjibaku memadamkan api di lapangan. 🚒",karhutla,negatif,https://x.com/pasukansenayan/status/2105216757292290371,id
2105210286584307945,,post,2026-09-30 15:16:59,Baca di sini: Jepang resmi mengakhiri pemadaman karhutla di Kalimantan Barat setelah pengerahan tiga helikopter Chinook dan sekitar 300 personel membantu mencegah api meluas. ~IQ [2026093012131151],karhutla,positif,https://x.com/kompascom/status/2105210286584307945,id
2105209967292850602,,post,2026-09-30 15:15:43,Baca di sini: Jepang resmi mengakhiri pemadaman karhutla di Kalimantan Barat setelah pengerahan tiga helikopter Chinook dan sekitar 300 personel membantu mencegah api meluas. ~IQ [2026093012131151],karhutla,positif,https://x.com/kompascom/status/2105209967292850602,id
2105488300693950898,2105209967292850602,komentar,2026-10-01 09:41:43,Kerja sama internasional seperti ini keren banget. Semoga ke depannya kita bisa lebih mandiri.,karhutla,positif,https://x.com/NadiaWidyawati0/status/2105488300693950898,id
2105201353228509355,,post,2026-09-30 14:41:30,Kata mereka tentang Rumah Oksigen Polda Kalimantan Tengah.... Bagi kalian yang terdampak Kabut Asap akibat Karhutla bisa banget mampir Terbuka untuk seluruh Masyarakat Jam pelayanan mulai dari 07.00-20.00 WIB STAY SAFE SEMUA!,karhutla,positif,https://x.com/rsbpalangkaraya/status/2105201353228509355,id
2105190270510019068,,post,2026-09-30 13:57:27,Baca di sini: Jepang resmi mengakhiri misi bantuan penanganan kebakaran hutan dan lahan (karhutla) di Kalimantan Barat pada Selasa (29/9/2026). ~KR [2026093012131151],karhutla,positif,https://x.com/kompascom/status/2105190270510019068,id
2105218420921057721,2105190270510019068,komentar,2026-09-30 15:49:19,Nippon cahaya asia,karhutla,positif,https://x.com/_debriz/status/2105218420921057721,id
2105261708579389643,2105190270510019068,komentar,2026-09-30 18:41:19,Aduh lama lagi bantuannya tolong ya Tuhan berkati berlanjut bantuannya,karhutla,positif,https://x.com/majalistyani/status/2105261708579389643,id
2105330439061979325,2105190270510019068,komentar,2026-09-30 23:14:26,Terima kasih japan 🙏🏻 semoga Tuhan yg maha besar membalas semua kebaikan yg sdh kalian perbuat.. semoga negara jepan maju sukses dan selalu menjadi negara yg berbahagia. Amin,karhutla,positif,https://x.com/redbold7177/status/2105330439061979325,id
2105261142058905825,2105190270510019068,komentar,2026-09-30 18:39:04,Terima kasih Japan. Mohon maaf presiden kami gagal bekerja.,karhutla,negatif,https://x.com/hpriam/status/2105261142058905825,id
2105341095416873138,2105190270510019068,komentar,2026-09-30 23:56:47,"Terima kasih arigato jepang 🙏🏿🙏🏿, sori pejabat kami lagi sibuk korupsi.",karhutla,negatif,https://x.com/TTariuu/status/2105341095416873138,id
2105265946080461192,2105190270510019068,komentar,2026-09-30 18:58:10,ありがとうございます。 Selama belum musim hujan pasti tidak akan padam.,karhutla,negatif,https://x.com/RickyGrimewgup/status/2105265946080461192,id-ja
2105338060661735715,2105190270510019068,komentar,2026-09-30 23:44:43,Terima kasih atas bantuan kalian 🙏,karhutla,positif,https://x.com/OktoberFokusGA/status/2105338060661735715,id
2105274601907568913,2105190270510019068,komentar,2026-09-30 19:32:33,"Fokus pmadaman Jpg di KalBar, salasatunya krn Jpg perlu mperbaiki citra pembantaian masal kaum elit/intelek di Tragedi Mandor. Setelah pemadaman tuntas, moga mereka sempat ziarah ke Makam Juang Mandor 🙏 berdoa bagi perdamaian 🔥",karhutla,negatif,https://x.com/TrilingC/status/2105274601907568913,id
2105179663878533343,,post,2026-09-30 13:15:18,Kodim 0207/Sml dan Warga Patroli Cegah Karhutla di Simalungun Sumber: Pendam I/BB.,karhutla,positif,https://x.com/kodam1bb_/status/2105179663878533343,id
2105175820205465811,,post,2026-09-30 13:00:02,"Baca Selengkapnya: BNPB mengoptimalkan pemadaman, penyekatan, pembasahan, dan pendinginan lahan gambut untuk mencegah api kembali muncul.",karhutla,positif,https://x.com/RRIPrograma3/status/2105175820205465811,id
2105170777788047395,,post,2026-09-30 12:40:00,"Seorang pria asal Sungai Tunjang diamankan petugas BPBD Kota Samarinda setelah tertangkap tangan membakar lahan di kawasan Pulau Atas, Kecamatan Sambutan, Samarinda, Kalimantan Timur (29/9/2026).",karhutla,netral,https://x.com/tvOneNews/status/2105170777788047395,id
2105155716956946818,,post,2026-09-30 11:40:09,"(Rabu, 30 September 2026) Kebakaran hutan dan lahan di Kabupaten Muaro Jambi belum berakhir. Luas lahan yang terbakar kembali bertambah dan kini mencapai 577,71 hektare.",karhutla,negatif,https://x.com/TVRI_Jambi/status/2105155716956946818,id
2105148449884872968,,post,2026-09-30 11:11:16,"(Rabu, 30 September 2026) Karhutla di kawasan Hutan Lindung Gambut Londerang, Tanjung Jabung Timur, memasuki hari ke-14 dan belum berhasil dipadamkan. Tim gabungan terus melakukan pemadaman di sektor Teluk Dawan untuk memutus perambatan api.",karhutla,negatif,https://x.com/TVRI_Jambi/status/2105148449884872968,id
2105173473534579163,2105148449884872968,komentar,2026-09-30 12:50:42,Semoga turun hujan lagi malam hari ini hingga esok,karhutla,positif,https://x.com/YudhiDharmawa14/status/2105173473534579163,id
2105147908299665551,,post,2026-09-30 11:09:07,"(Rabu, 30 September 2026) Kabut asap akibat kebakaran hutan dan lahan kembali menyelimuti wilayah Provinsi Jambi dalam beberapa hari terakhir. Pemerintah Provinsi Jambi menegaskan penanganan karhutla terus dilakukan secara intensif",karhutla,negatif,https://x.com/TVRI_Jambi/status/2105147908299665551,id
2105146780174479808,,post,2026-09-30 11:04:38,"(Rabu, 30 September 2026) Hujan yang mengguyur Kabupaten Bungo dalam beberapa hari terakhir berdampak positif terhadap penanganan karhutla. Intensitas hujan membantu menurunkan jumlah hotspot serta memadamkan sejumlah titik api.",karhutla,positif,https://x.com/TVRI_Jambi/status/2105146780174479808,id
2105141183597134070,,post,2026-09-30 10:42:24,PLEASE DON’T STOP TALKING ABOUT KEBAKARAN HUTAN!!️ STOP IGNORING THIS MAU SAMPAI KAPAN MEREKA TERPAKSA BERTAHAN???,karhutla,negatif,https://x.com/oqforwhat/status/2105141183597134070,id-en
2105141631712477346,2105141183597134070,komentar,2026-09-30 10:44:11,Sepakat!! Kalo stop ngomongin ntar sawit nya ga ada kendala,karhutla,negatif,https://x.com/malin90207/status/2105141631712477346,id
2105143568864354791,2105141183597134070,komentar,2026-09-30 10:51:53,Masih parah,karhutla,negatif,https://x.com/pweetynxi/status/2105143568864354791,id
2105172258792816907,2105141183597134070,komentar,2026-09-30 12:45:53,Semoga turun hujan malam hari ini hingga esok hari tanpa Sambaran petir dan banjir.amin,karhutla,netral,https://x.com/YudhiDharmawa14/status/2105172258792816907,id
2104970937439596806,,post,2026-09-29 23:25:54,"PLEASE DON’T STOP TALKING ABOUT KEBAKARAN HUTAN!!️ ini adalah kondisi hari ini (29/9) di palangka raya, kalimantan tengah. kabut asap semakin pekat. sampai kapan mereka harus TERPAKSA BERTAHAN? 😤😭🙏 📹: nathanael_undas",karhutla,negatif,https://x.com/oqforwhat/status/2104970937439596806,id-en
2105137601502179350,,post,2026-09-30 10:28:10,"Dana Karhutla Rp20 Miliar di Kayong Utara Disorot, Pemkab Didesak Buka Rincian Penggunaan. Baca selengkapnya:",karhutla,negatif,https://x.com/pontianakpost1/status/2105137601502179350,id
2105136534165037386,,post,2026-09-30 10:23:55,Polsek Damai Bersama Tim Gabungan Padamkan Karhutla di Kampung Keay Humas Polres Kutai Barat,karhutla,positif,https://x.com/PolresKubar2/status/2105136534165037386,id
2105134635701371036,,post,2026-09-30 10:16:23,Kabut asap kembali menjadi persoalan yang dirasakan masyarakat di sejumlah wilayah Kalimantan. Baca selengkapnya:,karhutla,negatif,https://x.com/pontianakpost1/status/2105134635701371036,id
2105129473729270157,,post,2026-09-30 09:55:52,"Kebakaran Hutan dan Lahan (Karhutla) dilaporkan kembali terjadi di lahan gambut yang berada tepat di belakang kawasan Universitas Cahaya Bangsa (UCB), Kecamatan Gambut, Kabupaten Banjar, Kalimantan Selatan, pada Selasa (29/9).",karhutla,negatif,https://x.com/tvrkytberitakit/status/2105129473729270157,id
2105105343747600512,,post,2026-09-30 08:19:59,"Kebakaran terjadi di Alas Cikukun, Wanareja sekitar pukul 19.00 WIB. 🔥 Berkat gerak cepat petugas dan warga sekitar, api berhasil dikendalikan. Semoga kondisi tetap aman dan tidak kembali meluas. 🙏",karhutla,positif,https://x.com/pasukansenayan/status/2105105343747600512,id
2105097165861503347,,post,2026-09-30 07:47:29,Titik api baru kembali muncul di Palangka Raya. 🔥 Karhutla masih belum usai di tengah status tanggap darurat. Semoga kondisi segera tertangani dan warga tetap aman. 🙏,karhutla,negatif,https://x.com/pasukansenayan/status/2105097165861503347,id
2105002066867523692,,post,2026-09-30 01:29:36,"Patroli Terus Diperkuat, Karhutla Ditangani Lebih Cepat! 🌿 Penguatan patroli menjadi langkah penting untuk mendeteksi titik api sedini mungkin dan mempercepat penanganan sebelum kebakaran meluas",karhutla,positif,https://x.com/PrawakaZ/status/2105002066867523692,id
2105001482546499815,,post,2026-09-30 01:27:17,"Cegah Api Kembali, Lindungi Lahan Gambut! Tim gabungan terus melakukan patroli dan pemantauan untuk mengantisipasi munculnya kembali titik api, terutama di kawasan lahan gambut yang rentan terbakar",karhutla,positif,https://x.com/PrawakaZ/status/2105001482546499815,id
2105001226832396407,,post,2026-09-30 01:26:16,Patroli rutin dan pemantauan wilayah menjadi langkah penting untuk mendeteksi titik api sejak dini agar penanganan dapat segera dilakukan,karhutla,positif,https://x.com/PrawakaZ/status/2105001226832396407,id
2104962349279195267,,post,2026-09-29 22:51:47,"Karhutla Landa Perbukitan Jemur, Tujuh Hektare Lahan Hangus - Ini Kebumen",karhutla,negatif,https://x.com/KangJukiDua/status/2104962349279195267,id
